,Site,Original Name,Fixed Name,Scientific Name
0,https://www.allaboutbirds.org/guide/Black-footed_Albatross,Black_footed_Albatross,Black footed Albatross,Phoebastria nigripes
1,https://www.allaboutbirds.org/guide/Laysan_Albatross/,Laysan_Albatross,Laysan Albatross,Phoebastria immutabilis
2,x,Sooty_Albatross,Sooty Albatross,x
3,https://www.allaboutbirds.org/guide/Groove-billed_Ani,Groove_billed_Ani,Groove billed Ani,Crotophaga sulcirostris
4,x,Crested_Auklet,Crested Auklet,x
5,x,Least_Auklet,Least Auklet,x
6,https://www.allaboutbirds.org/guide/Parakeet_Auklet/,Parakeet_Auklet,Parakeet Auklet,Aethia psittacula
7,https://www.allaboutbirds.org/guide/Rhinoceros_Auklet/,Rhinoceros_Auklet,Rhinoceros Auklet,Cerorhinca monocerata
8,https://www.allaboutbirds.org/guide/Brewers_Blackbird/,Brewer_Blackbird,Brewer Blackbird,Euphagus cyanocephalus
9,https://www.allaboutbirds.org/guide/Red-winged_Blackbird,Red_winged_Blackbird,Red winged Blackbird,Agelaius phoeniceus
10,https://www.allaboutbirds.org/guide/Rusty_Blackbird/,Rusty_Blackbird,Rusty Blackbird,Euphagus carolinus
11,https://www.allaboutbirds.org/guide/Yellow-headed_Blackbird/,Yellow_headed_Blackbird,Yellow headed Blackbird,Xanthocephalus xanthocephalus
12,https://www.allaboutbirds.org/guide/Bobolink/,Bobolink,Bobolink,Dolichonyx oryzivorus
13,https://www.allaboutbirds.org/guide/Indigo_Bunting/,Indigo_Bunting,Indigo Bunting,Passerina cyanea
14,https://www.allaboutbirds.org/guide/Lazuli_Bunting/,Lazuli_Bunting,Lazuli Bunting,Passerina amoena
15,https://www.allaboutbirds.org/guide/Painted_Bunting/,Painted_Bunting,Painted Bunting,Passerina ciris
16,x,Cardinal,Cardinal,x
17,x,Spotted_Catbird,Spotted Catbird,x
18,https://www.allaboutbirds.org/guide/Gray_Catbird/,Gray_Catbird,Gray Catbird,Dumetella carolinensis
19,https://www.allaboutbirds.org/guide/Yellow-breasted_Chat,Yellow_breasted_Chat,Yellow breasted Chat,Icteria virens
20,https://www.allaboutbirds.org/guide/Eastern_Towhee/,Eastern_Towhee,Eastern Towhee,Pipilo erythrophthalmus
21,https://www.allaboutbirds.org/guide/Chuck-wills-widow,Chuck_will_Widow,Chuck will Widow,Antrostomus carolinensis
22,https://www.allaboutbirds.org/guide/Brandts_Cormorant,Brandt_Cormorant,Brandt Cormorant,Urile penicillatus
23,https://www.allaboutbirds.org/guide/Red-faced_Cormorant/,Red_faced_Cormorant,Red faced Cormorant,Urile urile
24,https://www.allaboutbirds.org/guide/Pelagic_Cormorant,Pelagic_Cormorant,Pelagic Cormorant,Urile pelagicus
25,https://www.allaboutbirds.org/guide/Bronzed_Cowbird/,Bronzed_Cowbird,Bronzed Cowbird,Molothrus aeneus
26,https://www.allaboutbirds.org/guide/Shiny_Cowbird/,Shiny_Cowbird,Shiny Cowbird,Molothrus bonariensis
27,https://www.allaboutbirds.org/guide/Brown_Creeper,Brown_Creeper,Brown Creeper,Certhia americana
28,https://www.allaboutbirds.org/guide/American_Crow/,American_Crow,American Crow,Corvus brachyrhynchos
29,https://www.allaboutbirds.org/guide/Fish_Crow/,Fish_Crow,Fish Crow,Corvus ossifragus
30,https://www.allaboutbirds.org/guide/Black-billed_Cuckoo,Black_billed_Cuckoo,Black billed Cuckoo,Coccyzus erythropthalmus
31,https://www.allaboutbirds.org/guide/Mangrove_Cuckoo/,Mangrove_Cuckoo,Mangrove Cuckoo,Coccyzus minor
32,https://www.allaboutbirds.org/guide/Yellow-billed_Cuckoo,Yellow_billed_Cuckoo,Yellow billed Cuckoo,Coccyzus americanus
33,https://www.allaboutbirds.org/guide/Gray-crowned_Rosy-Finch/,Gray_crowned_Rosy_Finch,Gray crowned Rosy Finch,Leucosticte tephrocotis
34,https://www.allaboutbirds.org/guide/Purple_Finch/,Purple_Finch,Purple Finch,Haemorhous purpureus
35,https://www.allaboutbirds.org/guide/Northern_Flicker/,Northern_Flicker,Northern Flicker,Colaptes auratus
36,https://www.allaboutbirds.org/guide/Acadian_Flycatcher/,Acadian_Flycatcher,Acadian Flycatcher,Empidonax virescens
37,https://www.allaboutbirds.org/guide/Great_Crested_Flycatcher,Great_Crested_Flycatcher,Great Crested Flycatcher,Myiarchus crinitus
38,https://www.allaboutbirds.org/guide/Least_Flycatcher/,Least_Flycatcher,Least Flycatcher,Empidonax minimus
39,https://www.allaboutbirds.org/guide/Olive-sided_Flycatcher/,Olive_sided_Flycatcher,Olive sided Flycatcher,Contopus cooperi
40,https://www.allaboutbirds.org/guide/Scissor-tailed_Flycatcher,Scissor_tailed_Flycatcher,Scissor tailed Flycatcher,Tyrannus forficatus
41,https://www.allaboutbirds.org/guide/Vermilion_Flycatcher/,Vermilion_Flycatcher,Vermilion Flycatcher,Pyrocephalus rubinus
42,https://www.allaboutbirds.org/guide/Yellow-bellied_Flycatcher,Yellow_bellied_Flycatcher,Yellow bellied Flycatcher,Empidonax flaviventris
43,https://www.allaboutbirds.org/guide/Magnificent_Frigatebird,Frigatebird,Frigatebird,Fregata magnificens
44,https://www.allaboutbirds.org/guide/Northern_Fulmar/,Northern_Fulmar,Northern Fulmar,Fulmarus glacialis
45,https://www.allaboutbirds.org/guide/Gadwall/,Gadwall,Gadwall,Mareca strepera
46,https://www.allaboutbirds.org/guide/American_Goldfinch/,American_Goldfinch,American Goldfinch,Spinus tristis
47,x,European_Goldfinch,European Goldfinch,x
48,https://www.allaboutbirds.org/guide/Boat-tailed_Grackle,Boat_tailed_Grackle,Boat tailed Grackle,Quiscalus major
49,https://www.allaboutbirds.org/guide/Eared_Grebe/,Eared_Grebe,Eared Grebe,Podiceps nigricollis
50,https://www.allaboutbirds.org/guide/Horned_Grebe/,Horned_Grebe,Horned Grebe,Podiceps auritus
51,https://www.allaboutbirds.org/guide/Pied-billed_Grebe/,Pied_billed_Grebe,Pied billed Grebe,Podilymbus podiceps
52,https://www.allaboutbirds.org/guide/Western_Grebe/,Western_Grebe,Western Grebe,Aechmophorus occidentalis
53,https://www.allaboutbirds.org/guide/Blue_Grosbeak/,Blue_Grosbeak,Blue Grosbeak,Passerina caerulea
54,https://www.allaboutbirds.org/guide/Evening_Grosbeak/,Evening_Grosbeak,Evening Grosbeak,Coccothraustes vespertinus
55,https://www.allaboutbirds.org/guide/Pine_Grosbeak/,Pine_Grosbeak,Pine Grosbeak,Pinicola enucleator
56,https://www.allaboutbirds.org/guide/Rose-breasted_Grosbeak/,Rose_breasted_Grosbeak,Rose breasted Grosbeak,Pheucticus ludovicianus
57,https://www.allaboutbirds.org/guide/Pigeon_Guillemot/,Pigeon_Guillemot,Pigeon Guillemot,Cepphus columba
58,https://www.allaboutbirds.org/guide/California_Gull,California_Gull,California Gull,Larus californicus
59,https://www.allaboutbirds.org/guide/Glaucous-winged_Gull/,Glaucous_winged_Gull,Glaucous winged Gull,Larus glaucescens
60,https://www.allaboutbirds.org/guide/Heermanns_Gull,Heermann_Gull,Heermann Gull,Larus heermanni
61,https://www.allaboutbirds.org/guide/Herring_Gull/,Herring_Gull,Herring Gull,Larus argentatus
62,https://www.allaboutbirds.org/guide/Ivory_Gull,Ivory_Gull,Ivory Gull,Pagophila eburnea
63,https://www.allaboutbirds.org/guide/Ring-billed_Gull,Ring_billed_Gull,Ring billed Gull,Larus delawarensis
64,x,Slaty_backed_Gull,Slaty backed Gull,x
65,https://www.allaboutbirds.org/guide/Western_Gull,Western_Gull,Western Gull,Larus occidentalis
66,https://www.allaboutbirds.org/guide/Annas_Hummingbird/,Anna_Hummingbird,Anna Hummingbird,Calypte anna
67,https://www.allaboutbirds.org/guide/Ruby-throated_Hummingbird/,Ruby_throated_Hummingbird,Ruby throated Hummingbird,Archilochus colubris
68,https://www.allaboutbirds.org/guide/Rufous_Hummingbird/,Rufous_Hummingbird,Rufous Hummingbird,Selasphorus rufus
69,x,Green_Violetear,Green Violetear,x
70,https://www.allaboutbirds.org/guide/Long-tailed_Jaeger/,Long_tailed_Jaeger,Long tailed Jaeger,Stercorarius longicaudus
71,https://www.allaboutbirds.org/guide/Pomarine_Jaeger/,Pomarine_Jaeger,Pomarine Jaeger,Stercorarius pomarinus
72,https://www.allaboutbirds.org/guide/Blue_Jay,Blue_Jay,Blue Jay,Cyanocitta cristata
73,https://www.allaboutbirds.org/guide/Florida_Scrub-Jay,Florida_Jay,Florida Jay,Aphelocoma coerulescens
74,https://www.allaboutbirds.org/guide/Green_Jay/,Green_Jay,Green Jay,Cyanocorax yncas
75,https://www.allaboutbirds.org/guide/Dark-eyed_Junco/,Dark_eyed_Junco,Dark eyed Junco,Junco hyemalis
76,https://www.allaboutbirds.org/guide/Tropical_Kingbird/,Tropical_Kingbird,Tropical Kingbird,Tyrannus melancholicus
77,https://www.allaboutbirds.org/guide/Gray_Kingbird/,Gray_Kingbird,Gray Kingbird,Tyrannus dominicensis
78,https://www.allaboutbirds.org/guide/Belted_Kingfisher,Belted_Kingfisher,Belted Kingfisher,Megaceryle alcyon
79,https://www.allaboutbirds.org/guide/Green_Kingfisher/,Green_Kingfisher,Green Kingfisher,Chloroceryle americana
80,x,Pied_Kingfisher,Pied Kingfisher,x
81,https://www.allaboutbirds.org/guide/Ringed_Kingfisher/,Ringed_Kingfisher,Ringed Kingfisher,Megaceryle torquata
82,x,White_breasted_Kingfisher,White breasted Kingfisher,x
83,x,Red_legged_Kittiwake,Red legged Kittiwake,x
84,https://www.allaboutbirds.org/guide/Horned_Lark/,Horned_Lark,Horned Lark,Eremophila alpestris
85,https://www.allaboutbirds.org/guide/Pacific_Loon/,Pacific_Loon,Pacific Loon,Gavia pacifica
86,https://www.allaboutbirds.org/guide/Mallard/,Mallard,Mallard,Anas platyrhynchos
87,https://www.allaboutbirds.org/guide/Western_Meadowlark/,Western_Meadowlark,Western Meadowlark,Sturnella neglecta
88,https://www.allaboutbirds.org/guide/Hooded_Merganser,Hooded_Merganser,Hooded Merganser,Lophodytes cucullatus
89,https://www.allaboutbirds.org/guide/Red-breasted_Merganser/,Red_breasted_Merganser,Red breasted Merganser,Mergus serrator
90,x,Mockingbird,Mockingbird,x
91,https://www.allaboutbirds.org/guide/Common_Nighthawk,Nighthawk,Nighthawk,Chordeiles minor
92,https://www.allaboutbirds.org/guide/Clarks_Nutcracker/,Clark_Nutcracker,Clark Nutcracker,Nucifraga columbiana
93,https://www.allaboutbirds.org/guide/White-breasted_Nuthatch,White_breasted_Nuthatch,White breasted Nuthatch,Sitta carolinensis
94,https://www.allaboutbirds.org/guide/Baltimore_Oriole/,Baltimore_Oriole,Baltimore Oriole,Icterus galbula
95,https://www.allaboutbirds.org/guide/Hooded_Oriole/,Hooded_Oriole,Hooded Oriole,Icterus cucullatus
96,https://www.allaboutbirds.org/guide/Orchard_Oriole/,Orchard_Oriole,Orchard Oriole,Icterus spurius
97,https://www.allaboutbirds.org/guide/Scotts_Oriole,Scott_Oriole,Scott Oriole,Icterus parisorum
98,https://www.allaboutbirds.org/guide/Ovenbird/,Ovenbird,Ovenbird,Seiurus aurocapilla
99,https://www.allaboutbirds.org/guide/Brown_Pelican,Brown_Pelican,Brown Pelican,Pelecanus occidentalis
100,x,White_Pelican,White Pelican,x
101,https://www.allaboutbirds.org/guide/Western_Wood-Pewee/,Western_Wood_Pewee,Western Wood Pewee,Contopus sordidulus
102,x,Sayornis,Sayornis,x
103,https://www.allaboutbirds.org/guide/American_Pipit/,American_Pipit,American Pipit,Anthus rubescens
104,https://www.allaboutbirds.org/guide/Eastern_Whip-poor-will/,Whip_poor_Will,Whip poor Will,Antrostomus vociferus
105,https://www.allaboutbirds.org/guide/Horned_Puffin/,Horned_Puffin,Horned Puffin,Fratercula corniculata
106,https://www.allaboutbirds.org/guide/Common_Raven/,Common_Raven,Common Raven,Corvus corax
107,x,White_necked_Raven,White necked Raven,x
108,https://www.allaboutbirds.org/guide/American_Redstart/,American_Redstart,American Redstart,Setophaga ruticilla
109,x,Geococcyx,Geococcyx,x
110,https://www.allaboutbirds.org/guide/Loggerhead_Shrike/,Loggerhead_Shrike,Loggerhead Shrike,Lanius ludovicianus
111,x,Great_Grey_Shrike,Great Grey Shrike,x
112,https://www.allaboutbirds.org/guide/Bairds_Sparrow,Baird_Sparrow,Baird Sparrow,Centronyx bairdii
113,https://www.allaboutbirds.org/guide/Black-throated_Sparrow/,Black_throated_Sparrow,Black throated Sparrow,Amphispiza bilineata
114,https://www.allaboutbirds.org/guide/Brewers_Sparrow,Brewer_Sparrow,Brewer Sparrow,Spizella breweri
115,https://www.allaboutbirds.org/guide/Chipping_Sparrow,Chipping_Sparrow,Chipping Sparrow,Spizella passerina
116,https://www.allaboutbirds.org/guide/Clay-colored_Sparrow/,Clay_colored_Sparrow,Clay colored Sparrow,Spizella pallida
117,https://www.allaboutbirds.org/guide/House_Sparrow,House_Sparrow,House Sparrow,Passer domesticus
118,https://www.allaboutbirds.org/guide/Field_Sparrow,Field_Sparrow,Field Sparrow,Spizella pusilla
119,https://www.allaboutbirds.org/guide/Fox_Sparrow/,Fox_Sparrow,Fox Sparrow,Passerella iliaca
120,https://www.allaboutbirds.org/guide/Grasshopper_Sparrow/,Grasshopper_Sparrow,Grasshopper Sparrow,Ammodramus savannarum
121,https://www.allaboutbirds.org/guide/Harriss_Sparrow,Harris_Sparrow,Harris Sparrow,Zonotrichia querula
122,https://www.allaboutbirds.org/guide/Henslows_Sparrow,Henslow_Sparrow,Henslow Sparrow,Centronyx henslowii
123,https://www.allaboutbirds.org/guide/LeContes_Sparrow,Le_Conte_Sparrow,Le Conte Sparrow,Ammospiza leconteii
124,https://www.allaboutbirds.org/guide/Lincolns_Sparrow,Lincoln_Sparrow,Lincoln Sparrow,Melospiza lincolnii
125,https://www.allaboutbirds.org/guide/Nelsons_Sparrow,Nelson_Sharp_tailed_Sparrow,Nelson Sharp tailed Sparrow,Ammospiza nelsoni
126,https://www.allaboutbirds.org/guide/Savannah_Sparrow/,Savannah_Sparrow,Savannah Sparrow,Passerculus sandwichensis
127,https://www.allaboutbirds.org/guide/Seaside_Sparrow,Seaside_Sparrow,Seaside Sparrow,Ammospiza maritima
128,https://www.allaboutbirds.org/guide/Song_Sparrow/,Song_Sparrow,Song Sparrow,Melospiza melodia
129,x,Tree_Sparrow,Tree Sparrow,x
130,https://www.allaboutbirds.org/guide/Vesper_Sparrow/,Vesper_Sparrow,Vesper Sparrow,Pooecetes gramineus
131,https://www.allaboutbirds.org/guide/White-crowned_Sparrow/,White_crowned_Sparrow,White crowned Sparrow,Zonotrichia leucophrys
132,https://www.allaboutbirds.org/guide/White-throated_Sparrow/,White_throated_Sparrow,White throated Sparrow,Zonotrichia albicollis
133,x,Cape_Glossy_Starling,Cape Glossy Starling,x
134,https://www.allaboutbirds.org/guide/Bank_Swallow/,Bank_Swallow,Bank Swallow,Riparia riparia
135,https://www.allaboutbirds.org/guide/Barn_Swallow/,Barn_Swallow,Barn Swallow,Hirundo rustica
136,https://www.allaboutbirds.org/guide/Cliff_Swallow/,Cliff_Swallow,Cliff Swallow,Petrochelidon pyrrhonota
137,https://www.allaboutbirds.org/guide/Tree_Swallow/,Tree_Swallow,Tree Swallow,Tachycineta bicolor
138,https://www.allaboutbirds.org/guide/Scarlet_Tanager/,Scarlet_Tanager,Scarlet Tanager,Piranga olivacea
139,https://www.allaboutbirds.org/guide/Summer_Tanager/,Summer_Tanager,Summer Tanager,Piranga rubra
140,https://www.allaboutbirds.org/guide/Arctic_Tern,Artic_Tern,Artic Tern,Sterna paradisaea
141,https://www.allaboutbirds.org/guide/Black_Tern/,Black_Tern,Black Tern,Chlidonias niger
142,https://www.allaboutbirds.org/guide/Caspian_Tern/,Caspian_Tern,Caspian Tern,Hydroprogne caspia
143,https://www.allaboutbirds.org/guide/Common_Tern/,Common_Tern,Common Tern,Sterna hirundo
144,https://www.allaboutbirds.org/guide/Elegant_Tern,Elegant_Tern,Elegant Tern,Thalasseus elegans
145,https://www.allaboutbirds.org/guide/Forsters_Tern/,Forsters_Tern,Forsters Tern,Sterna forsteri
146,https://www.allaboutbirds.org/guide/Least_Tern/,Least_Tern,Least Tern,Sternula antillarum
147,https://www.allaboutbirds.org/guide/Green-tailed_Towhee,Green_tailed_Towhee,Green tailed Towhee,Pipilo chlorurus
148,https://www.allaboutbirds.org/guide/Brown_Thrasher,Brown_Thrasher,Brown Thrasher,Toxostoma rufum
149,https://www.allaboutbirds.org/guide/Sage_Thrasher/,Sage_Thrasher,Sage Thrasher,Oreoscoptes montanus
150,https://www.allaboutbirds.org/guide/Black-capped_Vireo/,Black_capped_Vireo,Black capped Vireo,Vireo atricapilla
151,https://www.allaboutbirds.org/guide/Blue-headed_Vireo/,Blue_headed_Vireo,Blue headed Vireo,Vireo solitarius
152,https://www.allaboutbirds.org/guide/Philadelphia_Vireo/,Philadelphia_Vireo,Philadelphia Vireo,Vireo philadelphicus
153,https://www.allaboutbirds.org/guide/Red-eyed_Vireo,Red_eyed_Vireo,Red eyed Vireo,Vireo olivaceus
154,https://www.allaboutbirds.org/guide/Warbling_Vireo/,Warbling_Vireo,Warbling Vireo,Vireo gilvus
155,https://www.allaboutbirds.org/guide/White-eyed_Vireo/,White_eyed_Vireo,White eyed Vireo,Vireo griseus
156,https://www.allaboutbirds.org/guide/Yellow-throated_Vireo/,Yellow_throated_Vireo,Yellow throated Vireo,Vireo flavifrons
157,https://www.allaboutbirds.org/guide/Bay-breasted_Warbler/,Bay_breasted_Warbler,Bay breasted Warbler,Setophaga castanea
158,https://www.allaboutbirds.org/guide/Black-and-white_Warbler,Black_and_white_Warbler,Black and white Warbler,Mniotilta varia
159,https://www.allaboutbirds.org/guide/Black-throated_Blue_Warbler/,Black_throated_Blue_Warbler,Black throated Blue Warbler,Setophaga caerulescens
160,https://www.allaboutbirds.org/guide/Blue-winged_Warbler,Blue_winged_Warbler,Blue winged Warbler,Vermivora cyanoptera
161,https://www.allaboutbirds.org/guide/Canada_Warbler,Canada_Warbler,Canada Warbler,Cardellina canadensis
162,https://www.allaboutbirds.org/guide/Cape_May_Warbler/,Cape_May_Warbler,Cape May Warbler,Setophaga tigrina
163,https://www.allaboutbirds.org/guide/Cerulean_Warbler,Cerulean_Warbler,Cerulean Warbler,Setophaga cerulea
164,https://www.allaboutbirds.org/guide/Chestnut-sided_Warbler/,Chestnut_sided_Warbler,Chestnut sided Warbler,Setophaga pensylvanica
165,https://www.allaboutbirds.org/guide/Golden-winged_Warbler/,Golden_winged_Warbler,Golden winged Warbler,Vermivora chrysoptera
166,https://www.allaboutbirds.org/guide/Hooded_Warbler/,Hooded_Warbler,Hooded Warbler,Setophaga citrina
167,https://www.allaboutbirds.org/guide/Kentucky_Warbler/,Kentucky_Warbler,Kentucky Warbler,Geothlypis formosa
168,https://www.allaboutbirds.org/guide/Magnolia_Warbler/,Magnolia_Warbler,Magnolia Warbler,Setophaga magnolia
169,https://www.allaboutbirds.org/guide/Mourning_Warbler/,Mourning_Warbler,Mourning Warbler,Geothlypis philadelphia
170,x,Myrtle_Warbler,Myrtle Warbler,x
171,https://www.allaboutbirds.org/guide/Nashville_Warbler/,Nashville_Warbler,Nashville Warbler,Leiothlypis ruficapilla
172,https://www.allaboutbirds.org/guide/Orange-crowned_Warbler/,Orange_crowned_Warbler,Orange crowned Warbler,Leiothlypis celata
173,https://www.allaboutbirds.org/guide/Palm_Warbler/,Palm_Warbler,Palm Warbler,Setophaga palmarum
174,https://www.allaboutbirds.org/guide/Pine_Warbler/,Pine_Warbler,Pine Warbler,Setophaga pinus
175,https://www.allaboutbirds.org/guide/Prairie_Warbler,Prairie_Warbler,Prairie Warbler,Setophaga discolor
176,https://www.allaboutbirds.org/guide/Prothonotary_Warbler/,Prothonotary_Warbler,Prothonotary Warbler,Protonotaria citrea
177,https://www.allaboutbirds.org/guide/Swainsons_Warbler,Swainson_Warbler,Swainson Warbler,Limnothlypis swainsonii
178,https://www.allaboutbirds.org/guide/Tennessee_Warbler/,Tennessee_Warbler,Tennessee Warbler,Leiothlypis peregrina
179,https://www.allaboutbirds.org/guide/Wilsons_Warbler/,Wilson_Warbler,Wilson Warbler,Cardellina pusilla
180,https://www.allaboutbirds.org/guide/Worm-eating_Warbler/,Worm_eating_Warbler,Worm eating Warbler,Helmitheros vermivorum
181,https://www.allaboutbirds.org/guide/Yellow_Warbler,Yellow_Warbler,Yellow Warbler,Setophaga petechia
182,https://www.allaboutbirds.org/guide/Northern_Waterthrush/,Northern_Waterthrush,Northern Waterthrush,Parkesia noveboracensis
183,https://www.allaboutbirds.org/guide/Louisiana_Waterthrush/,Louisiana_Waterthrush,Louisiana Waterthrush,Parkesia motacilla
184,https://www.allaboutbirds.org/guide/Bohemian_Waxwing/,Bohemian_Waxwing,Bohemian Waxwing,Bombycilla garrulus
185,https://www.allaboutbirds.org/guide/Cedar_Waxwing/,Cedar_Waxwing,Cedar Waxwing,Bombycilla cedrorum
186,https://www.allaboutbirds.org/guide/American_Three-toed_Woodpecker/,American_Three_toed_Woodpecker,American Three toed Woodpecker,Picoides dorsalis
187,https://www.allaboutbirds.org/guide/Pileated_Woodpecker/,Pileated_Woodpecker,Pileated Woodpecker,Dryocopus pileatus
188,https://www.allaboutbirds.org/guide/Red-bellied_Woodpecker/,Red_bellied_Woodpecker,Red bellied Woodpecker,Melanerpes carolinus
189,https://www.allaboutbirds.org/guide/Red-cockaded_Woodpecker/,Red_cockaded_Woodpecker,Red cockaded Woodpecker,Dryobates borealis
190,https://www.allaboutbirds.org/guide/Red-headed_Woodpecker/,Red_headed_Woodpecker,Red headed Woodpecker,Melanerpes erythrocephalus
191,https://www.allaboutbirds.org/guide/Downy_Woodpecker,Downy_Woodpecker,Downy Woodpecker,Dryobates pubescens
192,https://www.allaboutbirds.org/guide/Bewicks_Wren,Bewick_Wren,Bewick Wren,Thryomanes bewickii
193,https://www.allaboutbirds.org/guide/Cactus_Wren/,Cactus_Wren,Cactus Wren,Campylorhynchus brunneicapillus
194,https://www.allaboutbirds.org/guide/Carolina_Wren,Carolina_Wren,Carolina Wren,Thryothorus ludovicianus
195,https://www.allaboutbirds.org/guide/House_Wren,House_Wren,House Wren,Troglodytes aedon
196,https://www.allaboutbirds.org/guide/Marsh_Wren,Marsh_Wren,Marsh Wren,Cistothorus palustris
197,https://www.allaboutbirds.org/guide/Rock_Wren/,Rock_Wren,Rock Wren,Salpinctes obsoletus
198,https://www.allaboutbirds.org/guide/Winter_Wren/,Winter_Wren,Winter Wren,Troglodytes hiemalis
199,https://www.allaboutbirds.org/guide/Common_Yellowthroat/,Common_Yellowthroat,Common Yellowthroat,Geothlypis trichas
